[
    {
        "field.unknown.not.registered": {
            "kismet.common.location.geopoint": [
                0,
                0
            ]
        },
        "kismet.alert.hash": 2426148771,
        "kismet.alert.severity": 0,
        "kismet.alert.frequency": 0,
        "kismet.alert.dest_mac": "00:00:00:00:00:00",
        "kismet.alert.text": "Found a httpd_username and httpd_password configuration in a global Kismet config file, such as kismet.conf, kismet_httpd.conf, or kismet_site.conf.  Any login in the user configuration file /root/.kismet/kismet_httpd.conf will be ignored.",
        "kismet.alert.class": "SYSTEM",
        "kismet.alert.other_mac": "00:00:00:00:00:00",
        "kismet.alert.channel": "",
        "kismet.alert.phy_id": 4294967295,
        "kismet.alert.device_key": "00_0",
        "kismet.alert.transmitter_mac": "00:00:00:00:00:00",
        "kismet.alert.timestamp": 1681162293.814705,
        "kismet.alert.header": "GLOBALHTTPDUSER",
        "kismet.alert.source_mac": "00:00:00:00:00:00"
    },
    {
        "field.unknown.not.registered": {
            "kismet.common.location.geopoint": [
                0,
                0
            ]
        },
        "kismet.alert.hash": 3517847015,
        "kismet.alert.severity": 15,
        "kismet.alert.frequency": 0,
        "kismet.alert.dest_mac": "00:00:00:00:00:00",
        "kismet.alert.text": "Kismet is running as root; this is less secure.  If you are running Kismet at boot via systemd, make sure to use `systemctl edit kismet.service` to change the user.  For more information, see the Kismet README for setting up Kismet with minimal privileges.",
        "kismet.alert.class": "SYSTEM",
        "kismet.alert.other_mac": "00:00:00:00:00:00",
        "kismet.alert.channel": "",
        "kismet.alert.phy_id": 4294967294,
        "kismet.alert.device_key": "00_0",
        "kismet.alert.transmitter_mac": "00:00:00:00:00:00",
        "kismet.alert.timestamp": 1681162293.898239,
        "kismet.alert.header": "ROOTUSER",
        "kismet.alert.source_mac": "00:00:00:00:00:00"
    },
    {
        "field.unknown.not.registered": {
            "kismet.common.location.geopoint": [
                0,
                0
            ]
        },
        "kismet.alert.hash": 1630607398,
        "kismet.alert.severity": 15,
        "kismet.alert.frequency": 0,
        "kismet.alert.dest_mac": "6C:F3:7F:E7:D8:91",
        "kismet.alert.text": "Unknown disassociation code 33 from network 6C:F3:7F:E7:D8:91",
        "kismet.alert.class": "EXPLOIT",
        "kismet.alert.other_mac": "00:00:00:00:00:00",
        "kismet.alert.channel": "0",
        "kismet.alert.phy_id": 0,
        "kismet.alert.device_key": "00_0",
        "kismet.alert.transmitter_mac": "6C:F3:7F:E7:D8:91",
        "kismet.alert.timestamp": 1681171749.084472,
        "kismet.alert.header": "DISCONCODEINVALID",
        "kismet.alert.source_mac": "9C:2F:9D:93:95:73"
    },
    {
        "field.unknown.not.registered": {
            "kismet.common.location.geopoint": [
                0,
                0
            ]
        },
        "kismet.alert.hash": 1227822542,
        "kismet.alert.severity": 15,
        "kismet.alert.frequency": 0,
        "kismet.alert.dest_mac": "FF:FF:FF:FF:FF:FF",
        "kismet.alert.text": "IEEE80211 Access Point BSSID 6C:F3:7F:E7:7E:92 SSID \"UVA Guest\" advertised conflicting 802.11d information which may indicate AP spoofing/impersonation",
        "kismet.alert.class": "SPOOF",
        "kismet.alert.other_mac": "00:00:00:00:00:00",
        "kismet.alert.channel": "161",
        "kismet.alert.phy_id": 0,
        "kismet.alert.device_key": "00_0",
        "kismet.alert.transmitter_mac": "6C:F3:7F:E7:7E:92",
        "kismet.alert.timestamp": 1681172329.046741,
        "kismet.alert.header": "DOT11D",
        "kismet.alert.source_mac": "6C:F3:7F:E7:7E:92"
    },
    {
        "field.unknown.not.registered": {
            "kismet.common.location.geopoint": [
                0,
                0
            ]
        },
        "kismet.alert.hash": 1697716288,
        "kismet.alert.severity": 15,
        "kismet.alert.frequency": 0,
        "kismet.alert.dest_mac": "6C:F3:7F:E7:8F:D1",
        "kismet.alert.text": "Unknown disassociation code 33 from network 6C:F3:7F:E7:8F:D1",
        "kismet.alert.class": "EXPLOIT",
        "kismet.alert.other_mac": "00:00:00:00:00:00",
        "kismet.alert.channel": "0",
        "kismet.alert.phy_id": 0,
        "kismet.alert.device_key": "00_0",
        "kismet.alert.transmitter_mac": "6C:F3:7F:E7:8F:D1",
        "kismet.alert.timestamp": 1681172377.049344,
        "kismet.alert.header": "DISCONCODEINVALID",
        "kismet.alert.source_mac": "9C:2F:9D:93:95:73"
    },
    {
        "field.unknown.not.registered": {
            "kismet.common.location.geopoint": [
                0,
                0
            ]
        },
        "kismet.alert.hash": 1221268940,
        "kismet.alert.severity": 15,
        "kismet.alert.frequency": 0,
        "kismet.alert.dest_mac": "FF:FF:FF:FF:FF:FF",
        "kismet.alert.text": "IEEE80211 Access Point BSSID 6C:F3:7F:E7:7E:91 SSID \"eduroam\" advertised conflicting 802.11d information which may indicate AP spoofing/impersonation",
        "kismet.alert.class": "SPOOF",
        "kismet.alert.other_mac": "00:00:00:00:00:00",
        "kismet.alert.channel": "161",
        "kismet.alert.phy_id": 0,
        "kismet.alert.device_key": "00_0",
        "kismet.alert.transmitter_mac": "6C:F3:7F:E7:7E:91",
        "kismet.alert.timestamp": 1681173669.358383,
        "kismet.alert.header": "DOT11D",
        "kismet.alert.source_mac": "6C:F3:7F:E7:7E:91"
    },
    {
        "field.unknown.not.registered": {
            "kismet.common.location.geopoint": [
                0,
                0
            ]
        },
        "kismet.alert.hash": 1214715338,
        "kismet.alert.severity": 15,
        "kismet.alert.frequency": 0,
        "kismet.alert.dest_mac": "FF:FF:FF:FF:FF:FF",
        "kismet.alert.text": "IEEE80211 Access Point BSSID 6C:F3:7F:E7:7E:90 SSID \"\" advertised conflicting 802.11d information which may indicate AP spoofing/impersonation",
        "kismet.alert.class": "SPOOF",
        "kismet.alert.other_mac": "00:00:00:00:00:00",
        "kismet.alert.channel": "161",
        "kismet.alert.phy_id": 0,
        "kismet.alert.device_key": "00_0",
        "kismet.alert.transmitter_mac": "6C:F3:7F:E7:7E:90",
        "kismet.alert.timestamp": 1681173673.384569,
        "kismet.alert.header": "DOT11D",
        "kismet.alert.source_mac": "6C:F3:7F:E7:7E:90"
    },
    {
        "field.unknown.not.registered": {
            "kismet.common.location.geopoint": [
                0,
                0
            ]
        },
        "kismet.alert.hash": 2771195508,
        "kismet.alert.severity": 5,
        "kismet.alert.frequency": 0,
        "kismet.alert.dest_mac": "6C:F3:7F:E7:D8:91",
        "kismet.alert.text": "IEEE80211 network BSSID 6C:F3:7F:E7:D8:91 client 8C:EC:7B:7A:44:B8 does not support management frame protection (MFP) which may ease client disassocation or deauthentication",
        "kismet.alert.class": "SPOOF",
        "kismet.alert.other_mac": "00:00:00:00:00:00",
        "kismet.alert.channel": "0",
        "kismet.alert.phy_id": 0,
        "kismet.alert.device_key": "00_0",
        "kismet.alert.transmitter_mac": "6C:F3:7F:E7:D8:91",
        "kismet.alert.timestamp": 1681177403.908265,
        "kismet.alert.header": "NOCLIENTMFP",
        "kismet.alert.source_mac": "8C:EC:7B:7A:44:B8"
    },
    {
        "field.unknown.not.registered": {
            "kismet.common.location.geopoint": [
                0,
                0
            ]
        },
        "kismet.alert.hash": 2633766480,
        "kismet.alert.severity": 5,
        "kismet.alert.frequency": 0,
        "kismet.alert.dest_mac": "6C:F3:7F:E7:88:F1",
        "kismet.alert.text": "IEEE80211 network BSSID 6C:F3:7F:E7:88:F1 client 50:7A:C5:81:27:CF does not support management frame protection (MFP) which may ease client disassocation or deauthentication",
        "kismet.alert.class": "SPOOF",
        "kismet.alert.other_mac": "00:00:00:00:00:00",
        "kismet.alert.channel": "0",
        "kismet.alert.phy_id": 0,
        "kismet.alert.device_key": "00_0",
        "kismet.alert.transmitter_mac": "6C:F3:7F:E7:88:F1",
        "kismet.alert.timestamp": 1681180287.243671,
        "kismet.alert.header": "NOCLIENTMFP",
        "kismet.alert.source_mac": "50:7A:C5:81:27:CF"
    },
    {
        "field.unknown.not.registered": {
            "kismet.common.location.geopoint": [
                0,
                0
            ]
        },
        "kismet.alert.hash": 2547127857,
        "kismet.alert.severity": 5,
        "kismet.alert.frequency": 0,
        "kismet.alert.dest_mac": "6C:F3:7F:E7:DA:71",
        "kismet.alert.text": "IEEE80211 network BSSID 6C:F3:7F:E7:DA:71 client 28:02:44:3F:46:85 does not support management frame protection (MFP) which may ease client disassocation or deauthentication",
        "kismet.alert.class": "SPOOF",
        "kismet.alert.other_mac": "00:00:00:00:00:00",
        "kismet.alert.channel": "0",
        "kismet.alert.phy_id": 0,
        "kismet.alert.device_key": "00_0",
        "kismet.alert.transmitter_mac": "6C:F3:7F:E7:DA:71",
        "kismet.alert.timestamp": 1681187812.441917,
        "kismet.alert.header": "NOCLIENTMFP",
        "kismet.alert.source_mac": "28:02:44:3F:46:85"
    },
    {
        "field.unknown.not.registered": {
            "kismet.common.location.geopoint": [
                0,
                0
            ]
        },
        "kismet.alert.hash": 2776372853,
        "kismet.alert.severity": 5,
        "kismet.alert.frequency": 0,
        "kismet.alert.dest_mac": "6C:F3:7F:E7:D8:91",
        "kismet.alert.text": "IEEE80211 network BSSID 6C:F3:7F:E7:D8:91 client 8C:EC:7B:7A:44:B8 does not support management frame protection (MFP) which may ease client disassocation or deauthentication",
        "kismet.alert.class": "SPOOF",
        "kismet.alert.other_mac": "00:00:00:00:00:00",
        "kismet.alert.channel": "0",
        "kismet.alert.phy_id": 0,
        "kismet.alert.device_key": "00_0",
        "kismet.alert.transmitter_mac": "6C:F3:7F:E7:D8:91",
        "kismet.alert.timestamp": 1681187936.306148,
        "kismet.alert.header": "NOCLIENTMFP",
        "kismet.alert.source_mac": "8C:EC:7B:7A:44:B8"
    },
    {
        "field.unknown.not.registered": {
            "kismet.common.location.geopoint": [
                0,
                0
            ]
        },
        "kismet.alert.hash": 2776897151,
        "kismet.alert.severity": 5,
        "kismet.alert.frequency": 0,
        "kismet.alert.dest_mac": "6C:F3:7F:E7:8F:D1",
        "kismet.alert.text": "IEEE80211 network BSSID 6C:F3:7F:E7:8F:D1 client 64:6D:2F:6F:C2:3F does not support management frame protection (MFP) which may ease client disassocation or deauthentication",
        "kismet.alert.class": "SPOOF",
        "kismet.alert.other_mac": "00:00:00:00:00:00",
        "kismet.alert.channel": "0",
        "kismet.alert.phy_id": 0,
        "kismet.alert.device_key": "00_0",
        "kismet.alert.transmitter_mac": "6C:F3:7F:E7:8F:D1",
        "kismet.alert.timestamp": 1681189529.781546,
        "kismet.alert.header": "NOCLIENTMFP",
        "kismet.alert.source_mac": "64:6D:2F:6F:C2:3F"
    },
    {
        "field.unknown.not.registered": {
            "kismet.common.location.geopoint": [
                0,
                0
            ]
        },
        "kismet.alert.hash": 2776372853,
        "kismet.alert.severity": 5,
        "kismet.alert.frequency": 0,
        "kismet.alert.dest_mac": "6C:F3:7F:E7:D8:91",
        "kismet.alert.text": "IEEE80211 network BSSID 6C:F3:7F:E7:D8:91 client 8C:EC:7B:7A:44:B8 does not support management frame protection (MFP) which may ease client disassocation or deauthentication",
        "kismet.alert.class": "SPOOF",
        "kismet.alert.other_mac": "00:00:00:00:00:00",
        "kismet.alert.channel": "0",
        "kismet.alert.phy_id": 0,
        "kismet.alert.device_key": "00_0",
        "kismet.alert.transmitter_mac": "6C:F3:7F:E7:D8:91",
        "kismet.alert.timestamp": 1681191665.46059,
        "kismet.alert.header": "NOCLIENTMFP",
        "kismet.alert.source_mac": "8C:EC:7B:7A:44:B8"
    },
    {
        "field.unknown.not.registered": {
            "kismet.common.location.geopoint": [
                0,
                0
            ]
        },
        "kismet.alert.hash": 2508068387,
        "kismet.alert.severity": 5,
        "kismet.alert.frequency": 0,
        "kismet.alert.dest_mac": "6C:F3:7F:E7:D8:91",
        "kismet.alert.text": "IEEE80211 network BSSID 6C:F3:7F:E7:D8:91 client 28:02:44:3F:46:85 does not support management frame protection (MFP) which may ease client disassocation or deauthentication",
        "kismet.alert.class": "SPOOF",
        "kismet.alert.other_mac": "00:00:00:00:00:00",
        "kismet.alert.channel": "0",
        "kismet.alert.phy_id": 0,
        "kismet.alert.device_key": "00_0",
        "kismet.alert.transmitter_mac": "6C:F3:7F:E7:D8:91",
        "kismet.alert.timestamp": 1681193502.543874,
        "kismet.alert.header": "NOCLIENTMFP",
        "kismet.alert.source_mac": "28:02:44:3F:46:85"
    },
    {
        "field.unknown.not.registered": {
            "kismet.common.location.geopoint": [
                0,
                0
            ]
        },
        "kismet.alert.hash": 2836600460,
        "kismet.alert.severity": 5,
        "kismet.alert.frequency": 0,
        "kismet.alert.dest_mac": "6C:F3:7F:E7:B9:91",
        "kismet.alert.text": "IEEE80211 network BSSID 6C:F3:7F:E7:B9:91 client E4:9A:DC:2E:CA:D6 does not support management frame protection (MFP) which may ease client disassocation or deauthentication",
        "kismet.alert.class": "SPOOF",
        "kismet.alert.other_mac": "00:00:00:00:00:00",
        "kismet.alert.channel": "0",
        "kismet.alert.phy_id": 0,
        "kismet.alert.device_key": "00_0",
        "kismet.alert.transmitter_mac": "6C:F3:7F:E7:B9:91",
        "kismet.alert.timestamp": 1681194146.799988,
        "kismet.alert.header": "NOCLIENTMFP",
        "kismet.alert.source_mac": "E4:9A:DC:2E:CA:D6"
    },
    {
        "field.unknown.not.registered": {
            "kismet.common.location.geopoint": [
                0,
                0
            ]
        },
        "kismet.alert.hash": 2776897151,
        "kismet.alert.severity": 5,
        "kismet.alert.frequency": 0,
        "kismet.alert.dest_mac": "6C:F3:7F:E7:8F:D1",
        "kismet.alert.text": "IEEE80211 network BSSID 6C:F3:7F:E7:8F:D1 client 64:6D:2F:6F:C2:3F does not support management frame protection (MFP) which may ease client disassocation or deauthentication",
        "kismet.alert.class": "SPOOF",
        "kismet.alert.other_mac": "00:00:00:00:00:00",
        "kismet.alert.channel": "0",
        "kismet.alert.phy_id": 0,
        "kismet.alert.device_key": "00_0",
        "kismet.alert.transmitter_mac": "6C:F3:7F:E7:8F:D1",
        "kismet.alert.timestamp": 1681194499.109098,
        "kismet.alert.header": "NOCLIENTMFP",
        "kismet.alert.source_mac": "64:6D:2F:6F:C2:3F"
    },
    {
        "field.unknown.not.registered": {
            "kismet.common.location.geopoint": [
                0,
                0
            ]
        },
        "kismet.alert.hash": 2399737415,
        "kismet.alert.severity": 5,
        "kismet.alert.frequency": 0,
        "kismet.alert.dest_mac": "6C:F3:7F:E7:8F:D1",
        "kismet.alert.text": "IEEE80211 network BSSID 6C:F3:7F:E7:8F:D1 client 64:6D:2F:6F:C2:3F does not support management frame protection (MFP) which may ease client disassocation or deauthentication",
        "kismet.alert.class": "SPOOF",
        "kismet.alert.other_mac": "00:00:00:00:00:00",
        "kismet.alert.channel": "0",
        "kismet.alert.phy_id": 0,
        "kismet.alert.device_key": "00_0",
        "kismet.alert.transmitter_mac": "6C:F3:7F:E7:8F:D1",
        "kismet.alert.timestamp": 1681197154.100581,
        "kismet.alert.header": "NOCLIENTMFP",
        "kismet.alert.source_mac": "64:6D:2F:6F:C2:3F"
    },
    {
        "field.unknown.not.registered": {
            "kismet.common.location.geopoint": [
                0,
                0
            ]
        },
        "kismet.alert.hash": 2459440724,
        "kismet.alert.severity": 5,
        "kismet.alert.frequency": 0,
        "kismet.alert.dest_mac": "6C:F3:7F:E7:B9:91",
        "kismet.alert.text": "IEEE80211 network BSSID 6C:F3:7F:E7:B9:91 client E4:9A:DC:2E:CA:D6 does not support management frame protection (MFP) which may ease client disassocation or deauthentication",
        "kismet.alert.class": "SPOOF",
        "kismet.alert.other_mac": "00:00:00:00:00:00",
        "kismet.alert.channel": "0",
        "kismet.alert.phy_id": 0,
        "kismet.alert.device_key": "00_0",
        "kismet.alert.transmitter_mac": "6C:F3:7F:E7:B9:91",
        "kismet.alert.timestamp": 1681199824.896115,
        "kismet.alert.header": "NOCLIENTMFP",
        "kismet.alert.source_mac": "E4:9A:DC:2E:CA:D6"
    },
    {
        "field.unknown.not.registered": {
            "kismet.common.location.geopoint": [
                0,
                0
            ]
        },
        "kismet.alert.hash": 2463503958,
        "kismet.alert.severity": 5,
        "kismet.alert.frequency": 0,
        "kismet.alert.dest_mac": "6C:F3:7F:E7:7E:91",
        "kismet.alert.text": "IEEE80211 network BSSID 6C:F3:7F:E7:7E:91 client E4:9A:DC:2E:CA:D6 does not support management frame protection (MFP) which may ease client disassocation or deauthentication",
        "kismet.alert.class": "SPOOF",
        "kismet.alert.other_mac": "00:00:00:00:00:00",
        "kismet.alert.channel": "0",
        "kismet.alert.phy_id": 0,
        "kismet.alert.device_key": "00_0",
        "kismet.alert.transmitter_mac": "6C:F3:7F:E7:7E:91",
        "kismet.alert.timestamp": 1681202553.861982,
        "kismet.alert.header": "NOCLIENTMFP",
        "kismet.alert.source_mac": "E4:9A:DC:2E:CA:D6"
    },
    {
        "field.unknown.not.registered": {
            "kismet.common.location.geopoint": [
                0,
                0
            ]
        },
        "kismet.alert.hash": 2673612382,
        "kismet.alert.severity": 5,
        "kismet.alert.frequency": 0,
        "kismet.alert.dest_mac": "6C:F3:7F:E7:D8:91",
        "kismet.alert.text": "IEEE80211 network BSSID 6C:F3:7F:E7:D8:91 client 64:6D:2F:6F:C2:3F does not support management frame protection (MFP) which may ease client disassocation or deauthentication",
        "kismet.alert.class": "SPOOF",
        "kismet.alert.other_mac": "00:00:00:00:00:00",
        "kismet.alert.channel": "0",
        "kismet.alert.phy_id": 0,
        "kismet.alert.device_key": "00_0",
        "kismet.alert.transmitter_mac": "6C:F3:7F:E7:D8:91",
        "kismet.alert.timestamp": 1681207079.624795,
        "kismet.alert.header": "NOCLIENTMFP",
        "kismet.alert.source_mac": "64:6D:2F:6F:C2:3F"
    },
    {
        "field.unknown.not.registered": {
            "kismet.common.location.geopoint": [
                0,
                0
            ]
        },
        "kismet.alert.hash": 2805601926,
        "kismet.alert.severity": 5,
        "kismet.alert.frequency": 0,
        "kismet.alert.dest_mac": "6C:F3:7F:E7:B9:91",
        "kismet.alert.text": "IEEE80211 network BSSID 6C:F3:7F:E7:B9:91 client E4:9A:DC:2E:CA:D6 does not support management frame protection (MFP) which may ease client disassocation or deauthentication",
        "kismet.alert.class": "SPOOF",
        "kismet.alert.other_mac": "00:00:00:00:00:00",
        "kismet.alert.channel": "0",
        "kismet.alert.phy_id": 0,
        "kismet.alert.device_key": "00_0",
        "kismet.alert.transmitter_mac": "6C:F3:7F:E7:B9:91",
        "kismet.alert.timestamp": 1681221163.265134,
        "kismet.alert.header": "NOCLIENTMFP",
        "kismet.alert.source_mac": "E4:9A:DC:2E:CA:D6"
    },
    {
        "field.unknown.not.registered": {
            "kismet.common.location.geopoint": [
                0,
                0
            ]
        },
        "kismet.alert.hash": 2805601926,
        "kismet.alert.severity": 5,
        "kismet.alert.frequency": 0,
        "kismet.alert.dest_mac": "6C:F3:7F:E7:B9:91",
        "kismet.alert.text": "IEEE80211 network BSSID 6C:F3:7F:E7:B9:91 client E4:9A:DC:2E:CA:D6 does not support management frame protection (MFP) which may ease client disassocation or deauthentication",
        "kismet.alert.class": "SPOOF",
        "kismet.alert.other_mac": "00:00:00:00:00:00",
        "kismet.alert.channel": "0",
        "kismet.alert.phy_id": 0,
        "kismet.alert.device_key": "00_0",
        "kismet.alert.transmitter_mac": "6C:F3:7F:E7:B9:91",
        "kismet.alert.timestamp": 1681224303.385901,
        "kismet.alert.header": "NOCLIENTMFP",
        "kismet.alert.source_mac": "E4:9A:DC:2E:CA:D6"
    },
    {
        "field.unknown.not.registered": {
            "kismet.common.location.geopoint": [
                0,
                0
            ]
        },
        "kismet.alert.hash": 2717587048,
        "kismet.alert.severity": 5,
        "kismet.alert.frequency": 0,
        "kismet.alert.dest_mac": "6C:F3:7F:E7:B9:71",
        "kismet.alert.text": "IEEE80211 network BSSID 6C:F3:7F:E7:B9:71 client F8:4D:89:83:DF:E3 does not support management frame protection (MFP) which may ease client disassocation or deauthentication",
        "kismet.alert.class": "SPOOF",
        "kismet.alert.other_mac": "00:00:00:00:00:00",
        "kismet.alert.channel": "0",
        "kismet.alert.phy_id": 0,
        "kismet.alert.device_key": "00_0",
        "kismet.alert.transmitter_mac": "6C:F3:7F:E7:B9:71",
        "kismet.alert.timestamp": 1681225900.000947,
        "kismet.alert.header": "NOCLIENTMFP",
        "kismet.alert.source_mac": "F8:4D:89:83:DF:E3"
    }
]