[
    {
        "field.unknown.not.registered": {
            "kismet.common.location.geopoint": [
                0,
                0
            ]
        },
        "kismet.alert.hash": 2405832607,
        "kismet.alert.severity": 0,
        "kismet.alert.frequency": 0,
        "kismet.alert.dest_mac": "00:00:00:00:00:00",
        "kismet.alert.text": "Found a httpd_username and httpd_password configuration in a global Kismet config file, such as kismet.conf, kismet_httpd.conf, or kismet_site.conf.  Any login in the user configuration file /root/.kismet/kismet_httpd.conf will be ignored.",
        "kismet.alert.class": "SYSTEM",
        "kismet.alert.other_mac": "00:00:00:00:00:00",
        "kismet.alert.channel": "",
        "kismet.alert.phy_id": 4294967295,
        "kismet.alert.device_key": "00_0",
        "kismet.alert.transmitter_mac": "00:00:00:00:00:00",
        "kismet.alert.timestamp": 1682108801.380277,
        "kismet.alert.header": "GLOBALHTTPDUSER",
        "kismet.alert.source_mac": "00:00:00:00:00:00"
    },
    {
        "field.unknown.not.registered": {
            "kismet.common.location.geopoint": [
                0,
                0
            ]
        },
        "kismet.alert.hash": 3497530851,
        "kismet.alert.severity": 15,
        "kismet.alert.frequency": 0,
        "kismet.alert.dest_mac": "00:00:00:00:00:00",
        "kismet.alert.text": "Kismet is running as root; this is less secure.  If you are running Kismet at boot via systemd, make sure to use `systemctl edit kismet.service` to change the user.  For more information, see the Kismet README for setting up Kismet with minimal privileges.",
        "kismet.alert.class": "SYSTEM",
        "kismet.alert.other_mac": "00:00:00:00:00:00",
        "kismet.alert.channel": "",
        "kismet.alert.phy_id": 4294967294,
        "kismet.alert.device_key": "00_0",
        "kismet.alert.transmitter_mac": "00:00:00:00:00:00",
        "kismet.alert.timestamp": 1682108801.453133,
        "kismet.alert.header": "ROOTUSER",
        "kismet.alert.source_mac": "00:00:00:00:00:00"
    },
    {
        "field.unknown.not.registered": {
            "kismet.common.location.geopoint": [
                0,
                0
            ]
        },
        "kismet.alert.hash": 2679903848,
        "kismet.alert.severity": 5,
        "kismet.alert.frequency": 0,
        "kismet.alert.dest_mac": "2C:5D:93:6F:D4:EC",
        "kismet.alert.text": "IEEE80211 network BSSID 2C:5D:93:6F:D4:EC client BE:95:97:7F:62:6F does not support management frame protection (MFP) which may ease client disassocation or deauthentication",
        "kismet.alert.class": "SPOOF",
        "kismet.alert.other_mac": "00:00:00:00:00:00",
        "kismet.alert.channel": "0",
        "kismet.alert.phy_id": 0,
        "kismet.alert.device_key": "00_0",
        "kismet.alert.transmitter_mac": "2C:5D:93:6F:D4:EC",
        "kismet.alert.timestamp": 1682110369.037151,
        "kismet.alert.header": "NOCLIENTMFP",
        "kismet.alert.source_mac": "BE:95:97:7F:62:6F"
    },
    {
        "field.unknown.not.registered": {
            "kismet.common.location.geopoint": [
                0,
                0
            ]
        },
        "kismet.alert.hash": 2660570726,
        "kismet.alert.severity": 5,
        "kismet.alert.frequency": 0,
        "kismet.alert.dest_mac": "2C:5D:93:2F:D4:EC",
        "kismet.alert.text": "IEEE80211 network BSSID 2C:5D:93:2F:D4:EC client E0:0A:F6:74:A5:CF does not support management frame protection (MFP) which may ease client disassocation or deauthentication",
        "kismet.alert.class": "SPOOF",
        "kismet.alert.other_mac": "00:00:00:00:00:00",
        "kismet.alert.channel": "0",
        "kismet.alert.phy_id": 0,
        "kismet.alert.device_key": "00_0",
        "kismet.alert.transmitter_mac": "2C:5D:93:2F:D4:EC",
        "kismet.alert.timestamp": 1682112396.703059,
        "kismet.alert.header": "NOCLIENTMFP",
        "kismet.alert.source_mac": "E0:0A:F6:74:A5:CF"
    },
    {
        "field.unknown.not.registered": {
            "kismet.common.location.geopoint": [
                0,
                0
            ]
        },
        "kismet.alert.hash": 3205830411,
        "kismet.alert.severity": 10,
        "kismet.alert.frequency": 0,
        "kismet.alert.dest_mac": "FF:FF:FF:FF:FF:FF",
        "kismet.alert.text": "IEEE80211 Access Point BSSID D6:AB:CD:76:91:F8 broadcast deauthentication or disassociation of all clients; Either the AP is shutting down or this is indicative of a possible denial of service attack.",
        "kismet.alert.class": "DENIAL",
        "kismet.alert.other_mac": "00:00:00:00:00:00",
        "kismet.alert.channel": "0",
        "kismet.alert.phy_id": 0,
        "kismet.alert.device_key": "00_0",
        "kismet.alert.transmitter_mac": "D6:AB:CD:76:91:F8",
        "kismet.alert.timestamp": 1682120803.262112,
        "kismet.alert.header": "BCASTDISCON",
        "kismet.alert.source_mac": "D6:AB:CD:76:91:F8"
    },
    {
        "field.unknown.not.registered": {
            "kismet.common.location.geopoint": [
                0,
                0
            ]
        },
        "kismet.alert.hash": 2429752860,
        "kismet.alert.severity": 5,
        "kismet.alert.frequency": 0,
        "kismet.alert.dest_mac": "84:18:3A:0D:AA:DC",
        "kismet.alert.text": "IEEE80211 network BSSID 84:18:3A:0D:AA:DC client 6A:44:C1:F3:02:38 does not support management frame protection (MFP) which may ease client disassocation or deauthentication",
        "kismet.alert.class": "SPOOF",
        "kismet.alert.other_mac": "00:00:00:00:00:00",
        "kismet.alert.channel": "0",
        "kismet.alert.phy_id": 0,
        "kismet.alert.device_key": "00_0",
        "kismet.alert.transmitter_mac": "84:18:3A:0D:AA:DC",
        "kismet.alert.timestamp": 1682121529.384138,
        "kismet.alert.header": "NOCLIENTMFP",
        "kismet.alert.source_mac": "6A:44:C1:F3:02:38"
    },
    {
        "field.unknown.not.registered": {
            "kismet.common.location.geopoint": [
                0,
                0
            ]
        },
        "kismet.alert.hash": 2197099980,
        "kismet.alert.severity": 5,
        "kismet.alert.frequency": 0,
        "kismet.alert.dest_mac": "84:18:3A:0D:C5:1C",
        "kismet.alert.text": "IEEE80211 network BSSID 84:18:3A:0D:C5:1C client 60:30:D4:60:B2:44 does not support management frame protection (MFP) which may ease client disassocation or deauthentication",
        "kismet.alert.class": "SPOOF",
        "kismet.alert.other_mac": "00:00:00:00:00:00",
        "kismet.alert.channel": "0",
        "kismet.alert.phy_id": 0,
        "kismet.alert.device_key": "00_0",
        "kismet.alert.transmitter_mac": "84:18:3A:0D:C5:1C",
        "kismet.alert.timestamp": 1682121813.897233,
        "kismet.alert.header": "NOCLIENTMFP",
        "kismet.alert.source_mac": "60:30:D4:60:B2:44"
    },
    {
        "field.unknown.not.registered": {
            "kismet.common.location.geopoint": [
                0,
                0
            ]
        },
        "kismet.alert.hash": 2571114050,
        "kismet.alert.severity": 5,
        "kismet.alert.frequency": 0,
        "kismet.alert.dest_mac": "2C:5D:93:2F:D4:EC",
        "kismet.alert.text": "IEEE80211 network BSSID 2C:5D:93:2F:D4:EC client 7A:87:B7:92:A2:17 does not support management frame protection (MFP) which may ease client disassocation or deauthentication",
        "kismet.alert.class": "SPOOF",
        "kismet.alert.other_mac": "00:00:00:00:00:00",
        "kismet.alert.channel": "0",
        "kismet.alert.phy_id": 0,
        "kismet.alert.device_key": "00_0",
        "kismet.alert.transmitter_mac": "2C:5D:93:2F:D4:EC",
        "kismet.alert.timestamp": 1682128657.560743,
        "kismet.alert.header": "NOCLIENTMFP",
        "kismet.alert.source_mac": "7A:87:B7:92:A2:17"
    },
    {
        "field.unknown.not.registered": {
            "kismet.common.location.geopoint": [
                0,
                0
            ]
        },
        "kismet.alert.hash": 2571114050,
        "kismet.alert.severity": 5,
        "kismet.alert.frequency": 0,
        "kismet.alert.dest_mac": "2C:5D:93:2F:D4:EC",
        "kismet.alert.text": "IEEE80211 network BSSID 2C:5D:93:2F:D4:EC client 7A:87:B7:92:A2:17 does not support management frame protection (MFP) which may ease client disassocation or deauthentication",
        "kismet.alert.class": "SPOOF",
        "kismet.alert.other_mac": "00:00:00:00:00:00",
        "kismet.alert.channel": "0",
        "kismet.alert.phy_id": 0,
        "kismet.alert.device_key": "00_0",
        "kismet.alert.transmitter_mac": "2C:5D:93:2F:D4:EC",
        "kismet.alert.timestamp": 1682130581.884503,
        "kismet.alert.header": "NOCLIENTMFP",
        "kismet.alert.source_mac": "7A:87:B7:92:A2:17"
    },
    {
        "field.unknown.not.registered": {
            "kismet.common.location.geopoint": [
                0,
                0
            ]
        },
        "kismet.alert.hash": 2571114050,
        "kismet.alert.severity": 5,
        "kismet.alert.frequency": 0,
        "kismet.alert.dest_mac": "2C:5D:93:2F:D4:EC",
        "kismet.alert.text": "IEEE80211 network BSSID 2C:5D:93:2F:D4:EC client 7A:87:B7:92:A2:17 does not support management frame protection (MFP) which may ease client disassocation or deauthentication",
        "kismet.alert.class": "SPOOF",
        "kismet.alert.other_mac": "00:00:00:00:00:00",
        "kismet.alert.channel": "0",
        "kismet.alert.phy_id": 0,
        "kismet.alert.device_key": "00_0",
        "kismet.alert.transmitter_mac": "2C:5D:93:2F:D4:EC",
        "kismet.alert.timestamp": 1682131575.233158,
        "kismet.alert.header": "NOCLIENTMFP",
        "kismet.alert.source_mac": "7A:87:B7:92:A2:17"
    },
    {
        "field.unknown.not.registered": {
            "kismet.common.location.geopoint": [
                0,
                0
            ]
        },
        "kismet.alert.hash": 2621511253,
        "kismet.alert.severity": 5,
        "kismet.alert.frequency": 0,
        "kismet.alert.dest_mac": "2C:5D:93:2F:D4:EC",
        "kismet.alert.text": "IEEE80211 network BSSID 2C:5D:93:2F:D4:EC client 68:9A:87:7C:C0:A3 does not support management frame protection (MFP) which may ease client disassocation or deauthentication",
        "kismet.alert.class": "SPOOF",
        "kismet.alert.other_mac": "00:00:00:00:00:00",
        "kismet.alert.channel": "0",
        "kismet.alert.phy_id": 0,
        "kismet.alert.device_key": "00_0",
        "kismet.alert.transmitter_mac": "2C:5D:93:2F:D4:EC",
        "kismet.alert.timestamp": 1682138125.980816,
        "kismet.alert.header": "NOCLIENTMFP",
        "kismet.alert.source_mac": "68:9A:87:7C:C0:A3"
    },
    {
        "field.unknown.not.registered": {
            "kismet.common.location.geopoint": [
                0,
                0
            ]
        },
        "kismet.alert.hash": 2583696979,
        "kismet.alert.severity": 5,
        "kismet.alert.frequency": 0,
        "kismet.alert.dest_mac": "84:18:3A:4D:AA:DC",
        "kismet.alert.text": "IEEE80211 network BSSID 84:18:3A:4D:AA:DC client 98:46:0A:8B:AF:D4 does not support management frame protection (MFP) which may ease client disassocation or deauthentication",
        "kismet.alert.class": "SPOOF",
        "kismet.alert.other_mac": "00:00:00:00:00:00",
        "kismet.alert.channel": "0",
        "kismet.alert.phy_id": 0,
        "kismet.alert.device_key": "00_0",
        "kismet.alert.transmitter_mac": "84:18:3A:4D:AA:DC",
        "kismet.alert.timestamp": 1682154441.135182,
        "kismet.alert.header": "NOCLIENTMFP",
        "kismet.alert.source_mac": "98:46:0A:8B:AF:D4"
    }
]