[
    {
        "field.unknown.not.registered": {
            "kismet.common.location.geopoint": [
                0,
                0
            ]
        },
        "kismet.alert.hash": 2572359222,
        "kismet.alert.severity": 5,
        "kismet.alert.frequency": 0,
        "kismet.alert.dest_mac": "6C:F3:7F:E7:D4:11",
        "kismet.alert.text": "IEEE80211 network BSSID 6C:F3:7F:E7:D4:11 client A8:91:3D:54:73:BC does not support management frame protection (MFP) which may ease client disassocation or deauthentication",
        "kismet.alert.class": "SPOOF",
        "kismet.alert.other_mac": "00:00:00:00:00:00",
        "kismet.alert.channel": "0",
        "kismet.alert.phy_id": 0,
        "kismet.alert.device_key": "00_0",
        "kismet.alert.transmitter_mac": "6C:F3:7F:E7:D4:11",
        "kismet.alert.timestamp": 1681344751.164361,
        "kismet.alert.header": "NOCLIENTMFP",
        "kismet.alert.source_mac": "A8:91:3D:54:73:BC"
    },
    {
        "field.unknown.not.registered": {
            "kismet.common.location.geopoint": [
                0,
                0
            ]
        },
        "kismet.alert.hash": 2628720207,
        "kismet.alert.severity": 5,
        "kismet.alert.frequency": 0,
        "kismet.alert.dest_mac": "6C:F3:7F:E7:88:F1",
        "kismet.alert.text": "IEEE80211 network BSSID 6C:F3:7F:E7:88:F1 client 50:7A:C5:81:27:CF does not support management frame protection (MFP) which may ease client disassocation or deauthentication",
        "kismet.alert.class": "SPOOF",
        "kismet.alert.other_mac": "00:00:00:00:00:00",
        "kismet.alert.channel": "0",
        "kismet.alert.phy_id": 0,
        "kismet.alert.device_key": "00_0",
        "kismet.alert.transmitter_mac": "6C:F3:7F:E7:88:F1",
        "kismet.alert.timestamp": 1681351058.531094,
        "kismet.alert.header": "NOCLIENTMFP",
        "kismet.alert.source_mac": "50:7A:C5:81:27:CF"
    },
    {
        "field.unknown.not.registered": {
            "kismet.common.location.geopoint": [
                0,
                0
            ]
        },
        "kismet.alert.hash": 2672432732,
        "kismet.alert.severity": 5,
        "kismet.alert.frequency": 0,
        "kismet.alert.dest_mac": "6C:F3:7F:E7:DA:71",
        "kismet.alert.text": "IEEE80211 network BSSID 6C:F3:7F:E7:DA:71 client 50:7A:C5:81:27:CF does not support management frame protection (MFP) which may ease client disassocation or deauthentication",
        "kismet.alert.class": "SPOOF",
        "kismet.alert.other_mac": "00:00:00:00:00:00",
        "kismet.alert.channel": "0",
        "kismet.alert.phy_id": 0,
        "kismet.alert.device_key": "00_0",
        "kismet.alert.transmitter_mac": "6C:F3:7F:E7:DA:71",
        "kismet.alert.timestamp": 1681363174.959851,
        "kismet.alert.header": "NOCLIENTMFP",
        "kismet.alert.source_mac": "50:7A:C5:81:27:CF"
    },
    {
        "field.unknown.not.registered": {
            "kismet.common.location.geopoint": [
                0,
                0
            ]
        },
        "kismet.alert.hash": 2672432732,
        "kismet.alert.severity": 5,
        "kismet.alert.frequency": 0,
        "kismet.alert.dest_mac": "6C:F3:7F:E7:DA:71",
        "kismet.alert.text": "IEEE80211 network BSSID 6C:F3:7F:E7:DA:71 client 50:7A:C5:81:27:CF does not support management frame protection (MFP) which may ease client disassocation or deauthentication",
        "kismet.alert.class": "SPOOF",
        "kismet.alert.other_mac": "00:00:00:00:00:00",
        "kismet.alert.channel": "0",
        "kismet.alert.phy_id": 0,
        "kismet.alert.device_key": "00_0",
        "kismet.alert.transmitter_mac": "6C:F3:7F:E7:DA:71",
        "kismet.alert.timestamp": 1681364944.281574,
        "kismet.alert.header": "NOCLIENTMFP",
        "kismet.alert.source_mac": "50:7A:C5:81:27:CF"
    },
    {
        "field.unknown.not.registered": {
            "kismet.common.location.geopoint": [
                0,
                0
            ]
        },
        "kismet.alert.hash": 2776503925,
        "kismet.alert.severity": 5,
        "kismet.alert.frequency": 0,
        "kismet.alert.dest_mac": "6C:F3:7F:E7:D8:91",
        "kismet.alert.text": "IEEE80211 network BSSID 6C:F3:7F:E7:D8:91 client 8C:EC:7B:7A:44:B8 does not support management frame protection (MFP) which may ease client disassocation or deauthentication",
        "kismet.alert.class": "SPOOF",
        "kismet.alert.other_mac": "00:00:00:00:00:00",
        "kismet.alert.channel": "0",
        "kismet.alert.phy_id": 0,
        "kismet.alert.device_key": "00_0",
        "kismet.alert.transmitter_mac": "6C:F3:7F:E7:D8:91",
        "kismet.alert.timestamp": 1681369299.999869,
        "kismet.alert.header": "NOCLIENTMFP",
        "kismet.alert.source_mac": "8C:EC:7B:7A:44:B8"
    },
    {
        "field.unknown.not.registered": {
            "kismet.common.location.geopoint": [
                0,
                0
            ]
        },
        "kismet.alert.hash": 2781681270,
        "kismet.alert.severity": 5,
        "kismet.alert.frequency": 0,
        "kismet.alert.dest_mac": "6C:F3:7F:E7:D8:91",
        "kismet.alert.text": "IEEE80211 network BSSID 6C:F3:7F:E7:D8:91 client 8C:EC:7B:7A:44:B8 does not support management frame protection (MFP) which may ease client disassocation or deauthentication",
        "kismet.alert.class": "SPOOF",
        "kismet.alert.other_mac": "00:00:00:00:00:00",
        "kismet.alert.channel": "0",
        "kismet.alert.phy_id": 0,
        "kismet.alert.device_key": "00_0",
        "kismet.alert.transmitter_mac": "6C:F3:7F:E7:D8:91",
        "kismet.alert.timestamp": 1681378204.652346,
        "kismet.alert.header": "NOCLIENTMFP",
        "kismet.alert.source_mac": "8C:EC:7B:7A:44:B8"
    },
    {
        "field.unknown.not.registered": {
            "kismet.common.location.geopoint": [
                0,
                0
            ]
        },
        "kismet.alert.hash": 2781681270,
        "kismet.alert.severity": 5,
        "kismet.alert.frequency": 0,
        "kismet.alert.dest_mac": "6C:F3:7F:E7:D8:91",
        "kismet.alert.text": "IEEE80211 network BSSID 6C:F3:7F:E7:D8:91 client 8C:EC:7B:7A:44:B8 does not support management frame protection (MFP) which may ease client disassocation or deauthentication",
        "kismet.alert.class": "SPOOF",
        "kismet.alert.other_mac": "00:00:00:00:00:00",
        "kismet.alert.channel": "0",
        "kismet.alert.phy_id": 0,
        "kismet.alert.device_key": "00_0",
        "kismet.alert.transmitter_mac": "6C:F3:7F:E7:D8:91",
        "kismet.alert.timestamp": 1681380073.481759,
        "kismet.alert.header": "NOCLIENTMFP",
        "kismet.alert.source_mac": "8C:EC:7B:7A:44:B8"
    },
    {
        "field.unknown.not.registered": {
            "kismet.common.location.geopoint": [
                0,
                0
            ]
        },
        "kismet.alert.hash": 2666862168,
        "kismet.alert.severity": 5,
        "kismet.alert.frequency": 0,
        "kismet.alert.dest_mac": "6C:F3:7F:E7:D8:91",
        "kismet.alert.text": "IEEE80211 network BSSID 6C:F3:7F:E7:D8:91 client 70:BC:10:78:1C:CE does not support management frame protection (MFP) which may ease client disassocation or deauthentication",
        "kismet.alert.class": "SPOOF",
        "kismet.alert.other_mac": "00:00:00:00:00:00",
        "kismet.alert.channel": "0",
        "kismet.alert.phy_id": 0,
        "kismet.alert.device_key": "00_0",
        "kismet.alert.transmitter_mac": "6C:F3:7F:E7:D8:91",
        "kismet.alert.timestamp": 1681380561.872614,
        "kismet.alert.header": "NOCLIENTMFP",
        "kismet.alert.source_mac": "70:BC:10:78:1C:CE"
    },
    {
        "field.unknown.not.registered": {
            "kismet.common.location.geopoint": [
                0,
                0
            ]
        },
        "kismet.alert.hash": 2793805446,
        "kismet.alert.severity": 5,
        "kismet.alert.frequency": 0,
        "kismet.alert.dest_mac": "6C:F3:7F:E7:DA:71",
        "kismet.alert.text": "IEEE80211 network BSSID 6C:F3:7F:E7:DA:71 client 18:56:C3:6E:DB:FF does not support management frame protection (MFP) which may ease client disassocation or deauthentication",
        "kismet.alert.class": "SPOOF",
        "kismet.alert.other_mac": "00:00:00:00:00:00",
        "kismet.alert.channel": "0",
        "kismet.alert.phy_id": 0,
        "kismet.alert.device_key": "00_0",
        "kismet.alert.transmitter_mac": "6C:F3:7F:E7:DA:71",
        "kismet.alert.timestamp": 1681386477.579485,
        "kismet.alert.header": "NOCLIENTMFP",
        "kismet.alert.source_mac": "18:56:C3:6E:DB:FF"
    },
    {
        "field.unknown.not.registered": {
            "kismet.common.location.geopoint": [
                0,
                0
            ]
        },
        "kismet.alert.hash": 2649429587,
        "kismet.alert.severity": 5,
        "kismet.alert.frequency": 0,
        "kismet.alert.dest_mac": "6C:F3:7F:E7:88:F1",
        "kismet.alert.text": "IEEE80211 network BSSID 6C:F3:7F:E7:88:F1 client 50:7A:C5:81:27:CF does not support management frame protection (MFP) which may ease client disassocation or deauthentication",
        "kismet.alert.class": "SPOOF",
        "kismet.alert.other_mac": "00:00:00:00:00:00",
        "kismet.alert.channel": "0",
        "kismet.alert.phy_id": 0,
        "kismet.alert.device_key": "00_0",
        "kismet.alert.transmitter_mac": "6C:F3:7F:E7:88:F1",
        "kismet.alert.timestamp": 1681393664.51185,
        "kismet.alert.header": "NOCLIENTMFP",
        "kismet.alert.source_mac": "50:7A:C5:81:27:CF"
    },
    {
        "field.unknown.not.registered": {
            "kismet.common.location.geopoint": [
                0,
                0
            ]
        },
        "kismet.alert.hash": 2786858615,
        "kismet.alert.severity": 5,
        "kismet.alert.frequency": 0,
        "kismet.alert.dest_mac": "6C:F3:7F:E7:D8:91",
        "kismet.alert.text": "IEEE80211 network BSSID 6C:F3:7F:E7:D8:91 client 8C:EC:7B:7A:44:B8 does not support management frame protection (MFP) which may ease client disassocation or deauthentication",
        "kismet.alert.class": "SPOOF",
        "kismet.alert.other_mac": "00:00:00:00:00:00",
        "kismet.alert.channel": "0",
        "kismet.alert.phy_id": 0,
        "kismet.alert.device_key": "00_0",
        "kismet.alert.transmitter_mac": "6C:F3:7F:E7:D8:91",
        "kismet.alert.timestamp": 1681394987.558915,
        "kismet.alert.header": "NOCLIENTMFP",
        "kismet.alert.source_mac": "8C:EC:7B:7A:44:B8"
    },
    {
        "field.unknown.not.registered": {
            "kismet.common.location.geopoint": [
                0,
                0
            ]
        },
        "kismet.alert.hash": 2312377887,
        "kismet.alert.severity": 5,
        "kismet.alert.frequency": 0,
        "kismet.alert.dest_mac": "6C:F3:7F:E7:B9:90",
        "kismet.alert.text": "IEEE80211 network BSSID 6C:F3:7F:E7:B9:90 client 74:F9:CA:F3:71:65 does not support management frame protection (MFP) which may ease client disassocation or deauthentication",
        "kismet.alert.class": "SPOOF",
        "kismet.alert.other_mac": "00:00:00:00:00:00",
        "kismet.alert.channel": "0",
        "kismet.alert.phy_id": 0,
        "kismet.alert.device_key": "00_0",
        "kismet.alert.transmitter_mac": "6C:F3:7F:E7:B9:90",
        "kismet.alert.timestamp": 1681398972.72972,
        "kismet.alert.header": "NOCLIENTMFP",
        "kismet.alert.source_mac": "74:F9:CA:F3:71:65"
    },
    {
        "field.unknown.not.registered": {
            "kismet.common.location.geopoint": [
                0,
                0
            ]
        },
        "kismet.alert.hash": 2140739051,
        "kismet.alert.severity": 5,
        "kismet.alert.frequency": 0,
        "kismet.alert.dest_mac": "6C:F3:7F:E7:CF:10",
        "kismet.alert.text": "IEEE80211 network BSSID 6C:F3:7F:E7:CF:10 client 04:03:D6:74:45:32 does not support management frame protection (MFP) which may ease client disassocation or deauthentication",
        "kismet.alert.class": "SPOOF",
        "kismet.alert.other_mac": "00:00:00:00:00:00",
        "kismet.alert.channel": "0",
        "kismet.alert.phy_id": 0,
        "kismet.alert.device_key": "00_0",
        "kismet.alert.transmitter_mac": "6C:F3:7F:E7:CF:10",
        "kismet.alert.timestamp": 1681403034.778116,
        "kismet.alert.header": "NOCLIENTMFP",
        "kismet.alert.source_mac": "04:03:D6:74:45:32"
    },
    {
        "field.unknown.not.registered": {
            "kismet.common.location.geopoint": [
                0,
                0
            ]
        },
        "kismet.alert.hash": 2750682736,
        "kismet.alert.severity": 5,
        "kismet.alert.frequency": 0,
        "kismet.alert.dest_mac": "6C:F3:7F:E7:D8:91",
        "kismet.alert.text": "IEEE80211 network BSSID 6C:F3:7F:E7:D8:91 client 8C:EC:7B:7A:44:B8 does not support management frame protection (MFP) which may ease client disassocation or deauthentication",
        "kismet.alert.class": "SPOOF",
        "kismet.alert.other_mac": "00:00:00:00:00:00",
        "kismet.alert.channel": "0",
        "kismet.alert.phy_id": 0,
        "kismet.alert.device_key": "00_0",
        "kismet.alert.transmitter_mac": "6C:F3:7F:E7:D8:91",
        "kismet.alert.timestamp": 1681405678.591722,
        "kismet.alert.header": "NOCLIENTMFP",
        "kismet.alert.source_mac": "8C:EC:7B:7A:44:B8"
    },
    {
        "field.unknown.not.registered": {
            "kismet.common.location.geopoint": [
                0,
                0
            ]
        },
        "kismet.alert.hash": 2616202827,
        "kismet.alert.severity": 5,
        "kismet.alert.frequency": 0,
        "kismet.alert.dest_mac": "6C:F3:7F:E7:7E:91",
        "kismet.alert.text": "IEEE80211 network BSSID 6C:F3:7F:E7:7E:91 client 50:7A:C5:81:27:CF does not support management frame protection (MFP) which may ease client disassocation or deauthentication",
        "kismet.alert.class": "SPOOF",
        "kismet.alert.other_mac": "00:00:00:00:00:00",
        "kismet.alert.channel": "0",
        "kismet.alert.phy_id": 0,
        "kismet.alert.device_key": "00_0",
        "kismet.alert.transmitter_mac": "6C:F3:7F:E7:7E:91",
        "kismet.alert.timestamp": 1681416706.610029,
        "kismet.alert.header": "NOCLIENTMFP",
        "kismet.alert.source_mac": "50:7A:C5:81:27:CF"
    },
    {
        "field.unknown.not.registered": {
            "kismet.common.location.geopoint": [
                0,
                0
            ]
        },
        "kismet.alert.hash": 2526615085,
        "kismet.alert.severity": 5,
        "kismet.alert.frequency": 0,
        "kismet.alert.dest_mac": "6C:F3:7F:E7:DA:71",
        "kismet.alert.text": "IEEE80211 network BSSID 6C:F3:7F:E7:DA:71 client 28:02:44:3F:46:85 does not support management frame protection (MFP) which may ease client disassocation or deauthentication",
        "kismet.alert.class": "SPOOF",
        "kismet.alert.other_mac": "00:00:00:00:00:00",
        "kismet.alert.channel": "0",
        "kismet.alert.phy_id": 0,
        "kismet.alert.device_key": "00_0",
        "kismet.alert.transmitter_mac": "6C:F3:7F:E7:DA:71",
        "kismet.alert.timestamp": 1681417630.264374,
        "kismet.alert.header": "NOCLIENTMFP",
        "kismet.alert.source_mac": "28:02:44:3F:46:85"
    },
    {
        "field.unknown.not.registered": {
            "kismet.common.location.geopoint": [
                0,
                0
            ]
        },
        "kismet.alert.hash": 2526615085,
        "kismet.alert.severity": 5,
        "kismet.alert.frequency": 0,
        "kismet.alert.dest_mac": "6C:F3:7F:E7:DA:71",
        "kismet.alert.text": "IEEE80211 network BSSID 6C:F3:7F:E7:DA:71 client 28:02:44:3F:46:85 does not support management frame protection (MFP) which may ease client disassocation or deauthentication",
        "kismet.alert.class": "SPOOF",
        "kismet.alert.other_mac": "00:00:00:00:00:00",
        "kismet.alert.channel": "0",
        "kismet.alert.phy_id": 0,
        "kismet.alert.device_key": "00_0",
        "kismet.alert.transmitter_mac": "6C:F3:7F:E7:DA:71",
        "kismet.alert.timestamp": 1681418167.070049,
        "kismet.alert.header": "NOCLIENTMFP",
        "kismet.alert.source_mac": "28:02:44:3F:46:85"
    },
    {
        "field.unknown.not.registered": {
            "kismet.common.location.geopoint": [
                0,
                0
            ]
        },
        "kismet.alert.hash": 2755860081,
        "kismet.alert.severity": 5,
        "kismet.alert.frequency": 0,
        "kismet.alert.dest_mac": "6C:F3:7F:E7:D8:91",
        "kismet.alert.text": "IEEE80211 network BSSID 6C:F3:7F:E7:D8:91 client 8C:EC:7B:7A:44:B8 does not support management frame protection (MFP) which may ease client disassocation or deauthentication",
        "kismet.alert.class": "SPOOF",
        "kismet.alert.other_mac": "00:00:00:00:00:00",
        "kismet.alert.channel": "0",
        "kismet.alert.phy_id": 0,
        "kismet.alert.device_key": "00_0",
        "kismet.alert.transmitter_mac": "6C:F3:7F:E7:D8:91",
        "kismet.alert.timestamp": 1681420096.055441,
        "kismet.alert.header": "NOCLIENTMFP",
        "kismet.alert.source_mac": "8C:EC:7B:7A:44:B8"
    },
    {
        "field.unknown.not.registered": {
            "kismet.common.location.geopoint": [
                0,
                0
            ]
        },
        "kismet.alert.hash": 2755860081,
        "kismet.alert.severity": 5,
        "kismet.alert.frequency": 0,
        "kismet.alert.dest_mac": "6C:F3:7F:E7:D8:91",
        "kismet.alert.text": "IEEE80211 network BSSID 6C:F3:7F:E7:D8:91 client 8C:EC:7B:7A:44:B8 does not support management frame protection (MFP) which may ease client disassocation or deauthentication",
        "kismet.alert.class": "SPOOF",
        "kismet.alert.other_mac": "00:00:00:00:00:00",
        "kismet.alert.channel": "0",
        "kismet.alert.phy_id": 0,
        "kismet.alert.device_key": "00_0",
        "kismet.alert.transmitter_mac": "6C:F3:7F:E7:D8:91",
        "kismet.alert.timestamp": 1681422243.511603,
        "kismet.alert.header": "NOCLIENTMFP",
        "kismet.alert.source_mac": "8C:EC:7B:7A:44:B8"
    },
    {
        "field.unknown.not.registered": {
            "kismet.common.location.geopoint": [
                0,
                0
            ]
        },
        "kismet.alert.hash": 2755860081,
        "kismet.alert.severity": 5,
        "kismet.alert.frequency": 0,
        "kismet.alert.dest_mac": "6C:F3:7F:E7:D8:91",
        "kismet.alert.text": "IEEE80211 network BSSID 6C:F3:7F:E7:D8:91 client 8C:EC:7B:7A:44:B8 does not support management frame protection (MFP) which may ease client disassocation or deauthentication",
        "kismet.alert.class": "SPOOF",
        "kismet.alert.other_mac": "00:00:00:00:00:00",
        "kismet.alert.channel": "0",
        "kismet.alert.phy_id": 0,
        "kismet.alert.device_key": "00_0",
        "kismet.alert.transmitter_mac": "6C:F3:7F:E7:D8:91",
        "kismet.alert.timestamp": 1681423531.824139,
        "kismet.alert.header": "NOCLIENTMFP",
        "kismet.alert.source_mac": "8C:EC:7B:7A:44:B8"
    },
    {
        "field.unknown.not.registered": {
            "kismet.common.location.geopoint": [
                0,
                0
            ]
        },
        "kismet.alert.hash": 2526615085,
        "kismet.alert.severity": 5,
        "kismet.alert.frequency": 0,
        "kismet.alert.dest_mac": "6C:F3:7F:E7:DA:71",
        "kismet.alert.text": "IEEE80211 network BSSID 6C:F3:7F:E7:DA:71 client 28:02:44:3F:46:85 does not support management frame protection (MFP) which may ease client disassocation or deauthentication",
        "kismet.alert.class": "SPOOF",
        "kismet.alert.other_mac": "00:00:00:00:00:00",
        "kismet.alert.channel": "0",
        "kismet.alert.phy_id": 0,
        "kismet.alert.device_key": "00_0",
        "kismet.alert.transmitter_mac": "6C:F3:7F:E7:DA:71",
        "kismet.alert.timestamp": 1681423617.829066,
        "kismet.alert.header": "NOCLIENTMFP",
        "kismet.alert.source_mac": "28:02:44:3F:46:85"
    },
    {
        "field.unknown.not.registered": {
            "kismet.common.location.geopoint": [
                0,
                0
            ]
        },
        "kismet.alert.hash": 2623608398,
        "kismet.alert.severity": 5,
        "kismet.alert.frequency": 0,
        "kismet.alert.dest_mac": "6C:F3:7F:E7:88:F1",
        "kismet.alert.text": "IEEE80211 network BSSID 6C:F3:7F:E7:88:F1 client 50:7A:C5:81:27:CF does not support management frame protection (MFP) which may ease client disassocation or deauthentication",
        "kismet.alert.class": "SPOOF",
        "kismet.alert.other_mac": "00:00:00:00:00:00",
        "kismet.alert.channel": "0",
        "kismet.alert.phy_id": 0,
        "kismet.alert.device_key": "00_0",
        "kismet.alert.transmitter_mac": "6C:F3:7F:E7:88:F1",
        "kismet.alert.timestamp": 1681426398.847964,
        "kismet.alert.header": "NOCLIENTMFP",
        "kismet.alert.source_mac": "50:7A:C5:81:27:CF"
    },
    {
        "field.unknown.not.registered": {
            "kismet.common.location.geopoint": [
                0,
                0
            ]
        },
        "kismet.alert.hash": 2531792430,
        "kismet.alert.severity": 5,
        "kismet.alert.frequency": 0,
        "kismet.alert.dest_mac": "6C:F3:7F:E7:DA:71",
        "kismet.alert.text": "IEEE80211 network BSSID 6C:F3:7F:E7:DA:71 client 28:02:44:3F:46:85 does not support management frame protection (MFP) which may ease client disassocation or deauthentication",
        "kismet.alert.class": "SPOOF",
        "kismet.alert.other_mac": "00:00:00:00:00:00",
        "kismet.alert.channel": "0",
        "kismet.alert.phy_id": 0,
        "kismet.alert.device_key": "00_0",
        "kismet.alert.transmitter_mac": "6C:F3:7F:E7:DA:71",
        "kismet.alert.timestamp": 1681427362.339205,
        "kismet.alert.header": "NOCLIENTMFP",
        "kismet.alert.source_mac": "28:02:44:3F:46:85"
    },
    {
        "field.unknown.not.registered": {
            "kismet.common.location.geopoint": [
                0,
                0
            ]
        },
        "kismet.alert.hash": 2621380172,
        "kismet.alert.severity": 5,
        "kismet.alert.frequency": 0,
        "kismet.alert.dest_mac": "6C:F3:7F:E7:7E:91",
        "kismet.alert.text": "IEEE80211 network BSSID 6C:F3:7F:E7:7E:91 client 50:7A:C5:81:27:CF does not support management frame protection (MFP) which may ease client disassocation or deauthentication",
        "kismet.alert.class": "SPOOF",
        "kismet.alert.other_mac": "00:00:00:00:00:00",
        "kismet.alert.channel": "0",
        "kismet.alert.phy_id": 0,
        "kismet.alert.device_key": "00_0",
        "kismet.alert.transmitter_mac": "6C:F3:7F:E7:7E:91",
        "kismet.alert.timestamp": 1681428764.402689,
        "kismet.alert.header": "NOCLIENTMFP",
        "kismet.alert.source_mac": "50:7A:C5:81:27:CF"
    },
    {
        "field.unknown.not.registered": {
            "kismet.common.location.geopoint": [
                0,
                0
            ]
        },
        "kismet.alert.hash": 2671580766,
        "kismet.alert.severity": 5,
        "kismet.alert.frequency": 0,
        "kismet.alert.dest_mac": "6C:F3:7F:E7:DB:51",
        "kismet.alert.text": "IEEE80211 network BSSID 6C:F3:7F:E7:DB:51 client 70:B3:06:0D:CC:A9 does not support management frame protection (MFP) which may ease client disassocation or deauthentication",
        "kismet.alert.class": "SPOOF",
        "kismet.alert.other_mac": "00:00:00:00:00:00",
        "kismet.alert.channel": "0",
        "kismet.alert.phy_id": 0,
        "kismet.alert.device_key": "00_0",
        "kismet.alert.transmitter_mac": "6C:F3:7F:E7:DB:51",
        "kismet.alert.timestamp": 1681433149.899879,
        "kismet.alert.header": "NOCLIENTMFP",
        "kismet.alert.source_mac": "70:B3:06:0D:CC:A9"
    },
    {
        "field.unknown.not.registered": {
            "kismet.common.location.geopoint": [
                0,
                0
            ]
        },
        "kismet.alert.hash": 2671580766,
        "kismet.alert.severity": 5,
        "kismet.alert.frequency": 0,
        "kismet.alert.dest_mac": "6C:F3:7F:E7:DB:51",
        "kismet.alert.text": "IEEE80211 network BSSID 6C:F3:7F:E7:DB:51 client 70:B3:06:0D:CC:A9 does not support management frame protection (MFP) which may ease client disassocation or deauthentication",
        "kismet.alert.class": "SPOOF",
        "kismet.alert.other_mac": "00:00:00:00:00:00",
        "kismet.alert.channel": "0",
        "kismet.alert.phy_id": 0,
        "kismet.alert.device_key": "00_0",
        "kismet.alert.transmitter_mac": "6C:F3:7F:E7:DB:51",
        "kismet.alert.timestamp": 1681433308.6897,
        "kismet.alert.header": "NOCLIENTMFP",
        "kismet.alert.source_mac": "70:B3:06:0D:CC:A9"
    },
    {
        "field.unknown.not.registered": {
            "kismet.common.location.geopoint": [
                0,
                0
            ]
        },
        "kismet.alert.hash": 2626557517,
        "kismet.alert.severity": 5,
        "kismet.alert.frequency": 0,
        "kismet.alert.dest_mac": "6C:F3:7F:E7:7E:91",
        "kismet.alert.text": "IEEE80211 network BSSID 6C:F3:7F:E7:7E:91 client 50:7A:C5:81:27:CF does not support management frame protection (MFP) which may ease client disassocation or deauthentication",
        "kismet.alert.class": "SPOOF",
        "kismet.alert.other_mac": "00:00:00:00:00:00",
        "kismet.alert.channel": "0",
        "kismet.alert.phy_id": 0,
        "kismet.alert.device_key": "00_0",
        "kismet.alert.transmitter_mac": "6C:F3:7F:E7:7E:91",
        "kismet.alert.timestamp": 1681435690.459433,
        "kismet.alert.header": "NOCLIENTMFP",
        "kismet.alert.source_mac": "50:7A:C5:81:27:CF"
    },
    {
        "field.unknown.not.registered": {
            "kismet.common.location.geopoint": [
                0,
                0
            ]
        },
        "kismet.alert.hash": 2633242183,
        "kismet.alert.severity": 5,
        "kismet.alert.frequency": 0,
        "kismet.alert.dest_mac": "6C:F3:7F:E7:7E:91",
        "kismet.alert.text": "IEEE80211 network BSSID 6C:F3:7F:E7:7E:91 client E8:5F:02:7F:B0:01 does not support management frame protection (MFP) which may ease client disassocation or deauthentication",
        "kismet.alert.class": "SPOOF",
        "kismet.alert.other_mac": "00:00:00:00:00:00",
        "kismet.alert.channel": "0",
        "kismet.alert.phy_id": 0,
        "kismet.alert.device_key": "00_0",
        "kismet.alert.transmitter_mac": "6C:F3:7F:E7:7E:91",
        "kismet.alert.timestamp": 1681438219.791765,
        "kismet.alert.header": "NOCLIENTMFP",
        "kismet.alert.source_mac": "E8:5F:02:7F:B0:01"
    },
    {
        "field.unknown.not.registered": {
            "kismet.common.location.geopoint": [
                0,
                0
            ]
        },
        "kismet.alert.hash": 2633242183,
        "kismet.alert.severity": 5,
        "kismet.alert.frequency": 0,
        "kismet.alert.dest_mac": "6C:F3:7F:E7:7E:91",
        "kismet.alert.text": "IEEE80211 network BSSID 6C:F3:7F:E7:7E:91 client E8:5F:02:7F:B0:01 does not support management frame protection (MFP) which may ease client disassocation or deauthentication",
        "kismet.alert.class": "SPOOF",
        "kismet.alert.other_mac": "00:00:00:00:00:00",
        "kismet.alert.channel": "0",
        "kismet.alert.phy_id": 0,
        "kismet.alert.device_key": "00_0",
        "kismet.alert.transmitter_mac": "6C:F3:7F:E7:7E:91",
        "kismet.alert.timestamp": 1681438931.507449,
        "kismet.alert.header": "NOCLIENTMFP",
        "kismet.alert.source_mac": "E8:5F:02:7F:B0:01"
    },
    {
        "field.unknown.not.registered": {
            "kismet.common.location.geopoint": [
                0,
                0
            ]
        },
        "kismet.alert.hash": 2633242183,
        "kismet.alert.severity": 5,
        "kismet.alert.frequency": 0,
        "kismet.alert.dest_mac": "6C:F3:7F:E7:7E:91",
        "kismet.alert.text": "IEEE80211 network BSSID 6C:F3:7F:E7:7E:91 client E8:5F:02:7F:B0:01 does not support management frame protection (MFP) which may ease client disassocation or deauthentication",
        "kismet.alert.class": "SPOOF",
        "kismet.alert.other_mac": "00:00:00:00:00:00",
        "kismet.alert.channel": "0",
        "kismet.alert.phy_id": 0,
        "kismet.alert.device_key": "00_0",
        "kismet.alert.transmitter_mac": "6C:F3:7F:E7:7E:91",
        "kismet.alert.timestamp": 1681442150.677758,
        "kismet.alert.header": "NOCLIENTMFP",
        "kismet.alert.source_mac": "E8:5F:02:7F:B0:01"
    },
    {
        "field.unknown.not.registered": {
            "kismet.common.location.geopoint": [
                0,
                0
            ]
        },
        "kismet.alert.hash": 2633242183,
        "kismet.alert.severity": 5,
        "kismet.alert.frequency": 0,
        "kismet.alert.dest_mac": "6C:F3:7F:E7:7E:91",
        "kismet.alert.text": "IEEE80211 network BSSID 6C:F3:7F:E7:7E:91 client E8:5F:02:7F:B0:01 does not support management frame protection (MFP) which may ease client disassocation or deauthentication",
        "kismet.alert.class": "SPOOF",
        "kismet.alert.other_mac": "00:00:00:00:00:00",
        "kismet.alert.channel": "0",
        "kismet.alert.phy_id": 0,
        "kismet.alert.device_key": "00_0",
        "kismet.alert.transmitter_mac": "6C:F3:7F:E7:7E:91",
        "kismet.alert.timestamp": 1681443794.142656,
        "kismet.alert.header": "NOCLIENTMFP",
        "kismet.alert.source_mac": "E8:5F:02:7F:B0:01"
    },
    {
        "field.unknown.not.registered": {
            "kismet.common.location.geopoint": [
                0,
                0
            ]
        },
        "kismet.alert.hash": 2633242183,
        "kismet.alert.severity": 5,
        "kismet.alert.frequency": 0,
        "kismet.alert.dest_mac": "6C:F3:7F:E7:7E:91",
        "kismet.alert.text": "IEEE80211 network BSSID 6C:F3:7F:E7:7E:91 client E8:5F:02:7F:B0:01 does not support management frame protection (MFP) which may ease client disassocation or deauthentication",
        "kismet.alert.class": "SPOOF",
        "kismet.alert.other_mac": "00:00:00:00:00:00",
        "kismet.alert.channel": "0",
        "kismet.alert.phy_id": 0,
        "kismet.alert.device_key": "00_0",
        "kismet.alert.transmitter_mac": "6C:F3:7F:E7:7E:91",
        "kismet.alert.timestamp": 1681444721.171759,
        "kismet.alert.header": "NOCLIENTMFP",
        "kismet.alert.source_mac": "E8:5F:02:7F:B0:01"
    },
    {
        "field.unknown.not.registered": {
            "kismet.common.location.geopoint": [
                0,
                0
            ]
        },
        "kismet.alert.hash": 2626557517,
        "kismet.alert.severity": 5,
        "kismet.alert.frequency": 0,
        "kismet.alert.dest_mac": "6C:F3:7F:E7:7E:91",
        "kismet.alert.text": "IEEE80211 network BSSID 6C:F3:7F:E7:7E:91 client 50:7A:C5:81:27:CF does not support management frame protection (MFP) which may ease client disassocation or deauthentication",
        "kismet.alert.class": "SPOOF",
        "kismet.alert.other_mac": "00:00:00:00:00:00",
        "kismet.alert.channel": "0",
        "kismet.alert.phy_id": 0,
        "kismet.alert.device_key": "00_0",
        "kismet.alert.transmitter_mac": "6C:F3:7F:E7:7E:91",
        "kismet.alert.timestamp": 1681444736.342525,
        "kismet.alert.header": "NOCLIENTMFP",
        "kismet.alert.source_mac": "50:7A:C5:81:27:CF"
    },
    {
        "field.unknown.not.registered": {
            "kismet.common.location.geopoint": [
                0,
                0
            ]
        },
        "kismet.alert.hash": 2638419528,
        "kismet.alert.severity": 5,
        "kismet.alert.frequency": 0,
        "kismet.alert.dest_mac": "6C:F3:7F:E7:7E:91",
        "kismet.alert.text": "IEEE80211 network BSSID 6C:F3:7F:E7:7E:91 client E8:5F:02:7F:B0:01 does not support management frame protection (MFP) which may ease client disassocation or deauthentication",
        "kismet.alert.class": "SPOOF",
        "kismet.alert.other_mac": "00:00:00:00:00:00",
        "kismet.alert.channel": "0",
        "kismet.alert.phy_id": 0,
        "kismet.alert.device_key": "00_0",
        "kismet.alert.transmitter_mac": "6C:F3:7F:E7:7E:91",
        "kismet.alert.timestamp": 1681446743.254822,
        "kismet.alert.header": "NOCLIENTMFP",
        "kismet.alert.source_mac": "E8:5F:02:7F:B0:01"
    },
    {
        "field.unknown.not.registered": {
            "kismet.common.location.geopoint": [
                0,
                0
            ]
        },
        "kismet.alert.hash": 2731415145,
        "kismet.alert.severity": 5,
        "kismet.alert.frequency": 0,
        "kismet.alert.dest_mac": "6C:F3:7F:E7:B9:71",
        "kismet.alert.text": "IEEE80211 network BSSID 6C:F3:7F:E7:B9:71 client 5E:C1:DB:45:8F:4B does not support management frame protection (MFP) which may ease client disassocation or deauthentication",
        "kismet.alert.class": "SPOOF",
        "kismet.alert.other_mac": "00:00:00:00:00:00",
        "kismet.alert.channel": "0",
        "kismet.alert.phy_id": 0,
        "kismet.alert.device_key": "00_0",
        "kismet.alert.transmitter_mac": "6C:F3:7F:E7:B9:71",
        "kismet.alert.timestamp": 1681451501.916017,
        "kismet.alert.header": "NOCLIENTMFP",
        "kismet.alert.source_mac": "5E:C1:DB:45:8F:4B"
    },
    {
        "field.unknown.not.registered": {
            "kismet.common.location.geopoint": [
                0,
                0
            ]
        },
        "kismet.alert.hash": 762713790,
        "kismet.alert.severity": 20,
        "kismet.alert.frequency": 0,
        "kismet.alert.dest_mac": "00:00:00:00:00:00",
        "kismet.alert.text": "Source hci0 (91DD0AE4-0000-0000-0000-DCA632E8F59D) has encountered an error (IPC connection closed) Kismet will attempt to re-open the source in 5 seconds.  (1 failures)",
        "kismet.alert.class": "SYSTEM",
        "kismet.alert.other_mac": "00:00:00:00:00:00",
        "kismet.alert.channel": "",
        "kismet.alert.phy_id": 4294967295,
        "kismet.alert.device_key": "00_0",
        "kismet.alert.transmitter_mac": "00:00:00:00:00:00",
        "kismet.alert.timestamp": 1681454418.404545,
        "kismet.alert.header": "SOURCEERROR",
        "kismet.alert.source_mac": "00:00:00:00:00:00"
    },
    {
        "field.unknown.not.registered": {
            "kismet.common.location.geopoint": [
                0,
                0
            ]
        },
        "kismet.alert.hash": 762713790,
        "kismet.alert.severity": 20,
        "kismet.alert.frequency": 0,
        "kismet.alert.dest_mac": "00:00:00:00:00:00",
        "kismet.alert.text": "Source wlan1 (5FE308BD-0000-0000-0000-54EF33EB52FD) has encountered an error (IPC connection closed) Kismet will attempt to re-open the source in 5 seconds.  (1 failures)",
        "kismet.alert.class": "SYSTEM",
        "kismet.alert.other_mac": "00:00:00:00:00:00",
        "kismet.alert.channel": "",
        "kismet.alert.phy_id": 4294967295,
        "kismet.alert.device_key": "00_0",
        "kismet.alert.transmitter_mac": "00:00:00:00:00:00",
        "kismet.alert.timestamp": 1681454418.499892,
        "kismet.alert.header": "SOURCEERROR",
        "kismet.alert.source_mac": "00:00:00:00:00:00"
    },
    {
        "field.unknown.not.registered": {
            "kismet.common.location.geopoint": [
                0,
                0
            ]
        },
        "kismet.alert.hash": 135927398,
        "kismet.alert.severity": 20,
        "kismet.alert.frequency": 0,
        "kismet.alert.dest_mac": "00:00:00:00:00:00",
        "kismet.alert.text": "Source hci0 (91DD0AE4-0000-0000-0000-DCA632E8F59D) successfully re-opened",
        "kismet.alert.class": "SYSTEM",
        "kismet.alert.other_mac": "00:00:00:00:00:00",
        "kismet.alert.channel": "",
        "kismet.alert.phy_id": 4294967295,
        "kismet.alert.device_key": "00_0",
        "kismet.alert.transmitter_mac": "00:00:00:00:00:00",
        "kismet.alert.timestamp": 1681454435.172891,
        "kismet.alert.header": "SOURCEOPEN",
        "kismet.alert.source_mac": "00:00:00:00:00:00"
    },
    {
        "field.unknown.not.registered": {
            "kismet.common.location.geopoint": [
                0,
                0
            ]
        },
        "kismet.alert.hash": 135927398,
        "kismet.alert.severity": 20,
        "kismet.alert.frequency": 0,
        "kismet.alert.dest_mac": "00:00:00:00:00:00",
        "kismet.alert.text": "Source wlan1 (5FE308BD-0000-0000-0000-54EF33EB52FD) successfully re-opened",
        "kismet.alert.class": "SYSTEM",
        "kismet.alert.other_mac": "00:00:00:00:00:00",
        "kismet.alert.channel": "",
        "kismet.alert.phy_id": 4294967295,
        "kismet.alert.device_key": "00_0",
        "kismet.alert.transmitter_mac": "00:00:00:00:00:00",
        "kismet.alert.timestamp": 1681454436.24574,
        "kismet.alert.header": "SOURCEOPEN",
        "kismet.alert.source_mac": "00:00:00:00:00:00"
    },
    {
        "field.unknown.not.registered": {
            "kismet.common.location.geopoint": [
                0,
                0
            ]
        },
        "kismet.alert.hash": 762713790,
        "kismet.alert.severity": 20,
        "kismet.alert.frequency": 0,
        "kismet.alert.dest_mac": "00:00:00:00:00:00",
        "kismet.alert.text": "Source wlan1 (5FE308BD-0000-0000-0000-54EF33EB52FD) has encountered an error (IPC connection closed) Kismet will attempt to re-open the source in 5 seconds.  (1 failures)",
        "kismet.alert.class": "SYSTEM",
        "kismet.alert.other_mac": "00:00:00:00:00:00",
        "kismet.alert.channel": "",
        "kismet.alert.phy_id": 4294967295,
        "kismet.alert.device_key": "00_0",
        "kismet.alert.transmitter_mac": "00:00:00:00:00:00",
        "kismet.alert.timestamp": 1681454516.054378,
        "kismet.alert.header": "SOURCEERROR",
        "kismet.alert.source_mac": "00:00:00:00:00:00"
    },
    {
        "field.unknown.not.registered": {
            "kismet.common.location.geopoint": [
                0,
                0
            ]
        },
        "kismet.alert.hash": 762713790,
        "kismet.alert.severity": 20,
        "kismet.alert.frequency": 0,
        "kismet.alert.dest_mac": "00:00:00:00:00:00",
        "kismet.alert.text": "Source hci0 (91DD0AE4-0000-0000-0000-DCA632E8F59D) has encountered an error (IPC connection closed) Kismet will attempt to re-open the source in 5 seconds.  (1 failures)",
        "kismet.alert.class": "SYSTEM",
        "kismet.alert.other_mac": "00:00:00:00:00:00",
        "kismet.alert.channel": "",
        "kismet.alert.phy_id": 4294967295,
        "kismet.alert.device_key": "00_0",
        "kismet.alert.transmitter_mac": "00:00:00:00:00:00",
        "kismet.alert.timestamp": 1681454516.361243,
        "kismet.alert.header": "SOURCEERROR",
        "kismet.alert.source_mac": "00:00:00:00:00:00"
    },
    {
        "field.unknown.not.registered": {
            "kismet.common.location.geopoint": [
                0,
                0
            ]
        },
        "kismet.alert.hash": 135927398,
        "kismet.alert.severity": 20,
        "kismet.alert.frequency": 0,
        "kismet.alert.dest_mac": "00:00:00:00:00:00",
        "kismet.alert.text": "Source hci0 (91DD0AE4-0000-0000-0000-DCA632E8F59D) successfully re-opened",
        "kismet.alert.class": "SYSTEM",
        "kismet.alert.other_mac": "00:00:00:00:00:00",
        "kismet.alert.channel": "",
        "kismet.alert.phy_id": 4294967295,
        "kismet.alert.device_key": "00_0",
        "kismet.alert.transmitter_mac": "00:00:00:00:00:00",
        "kismet.alert.timestamp": 1681454572.843839,
        "kismet.alert.header": "SOURCEOPEN",
        "kismet.alert.source_mac": "00:00:00:00:00:00"
    },
    {
        "field.unknown.not.registered": {
            "kismet.common.location.geopoint": [
                0,
                0
            ]
        },
        "kismet.alert.hash": 135927398,
        "kismet.alert.severity": 20,
        "kismet.alert.frequency": 0,
        "kismet.alert.dest_mac": "00:00:00:00:00:00",
        "kismet.alert.text": "Source wlan1 (5FE308BD-0000-0000-0000-54EF33EB52FD) successfully re-opened",
        "kismet.alert.class": "SYSTEM",
        "kismet.alert.other_mac": "00:00:00:00:00:00",
        "kismet.alert.channel": "",
        "kismet.alert.phy_id": 4294967295,
        "kismet.alert.device_key": "00_0",
        "kismet.alert.transmitter_mac": "00:00:00:00:00:00",
        "kismet.alert.timestamp": 1681454573.873162,
        "kismet.alert.header": "SOURCEOPEN",
        "kismet.alert.source_mac": "00:00:00:00:00:00"
    },
    {
        "field.unknown.not.registered": {
            "kismet.common.location.geopoint": [
                0,
                0
            ]
        },
        "kismet.alert.hash": 762713790,
        "kismet.alert.severity": 20,
        "kismet.alert.frequency": 0,
        "kismet.alert.dest_mac": "00:00:00:00:00:00",
        "kismet.alert.text": "Source hci0 (91DD0AE4-0000-0000-0000-DCA632E8F59D) has encountered an error (IPC connection closed) Kismet will attempt to re-open the source in 5 seconds.  (1 failures)",
        "kismet.alert.class": "SYSTEM",
        "kismet.alert.other_mac": "00:00:00:00:00:00",
        "kismet.alert.channel": "",
        "kismet.alert.phy_id": 4294967295,
        "kismet.alert.device_key": "00_0",
        "kismet.alert.transmitter_mac": "00:00:00:00:00:00",
        "kismet.alert.timestamp": 1681454629.118253,
        "kismet.alert.header": "SOURCEERROR",
        "kismet.alert.source_mac": "00:00:00:00:00:00"
    },
    {
        "field.unknown.not.registered": {
            "kismet.common.location.geopoint": [
                0,
                0
            ]
        },
        "kismet.alert.hash": 762713790,
        "kismet.alert.severity": 20,
        "kismet.alert.frequency": 0,
        "kismet.alert.dest_mac": "00:00:00:00:00:00",
        "kismet.alert.text": "Source wlan1 (5FE308BD-0000-0000-0000-54EF33EB52FD) has encountered an error (IPC connection closed) Kismet will attempt to re-open the source in 5 seconds.  (1 failures)",
        "kismet.alert.class": "SYSTEM",
        "kismet.alert.other_mac": "00:00:00:00:00:00",
        "kismet.alert.channel": "",
        "kismet.alert.phy_id": 4294967295,
        "kismet.alert.device_key": "00_0",
        "kismet.alert.transmitter_mac": "00:00:00:00:00:00",
        "kismet.alert.timestamp": 1681454629.163692,
        "kismet.alert.header": "SOURCEERROR",
        "kismet.alert.source_mac": "00:00:00:00:00:00"
    },
    {
        "field.unknown.not.registered": {
            "kismet.common.location.geopoint": [
                0,
                0
            ]
        },
        "kismet.alert.hash": 135927398,
        "kismet.alert.severity": 20,
        "kismet.alert.frequency": 0,
        "kismet.alert.dest_mac": "00:00:00:00:00:00",
        "kismet.alert.text": "Source hci0 (91DD0AE4-0000-0000-0000-DCA632E8F59D) successfully re-opened",
        "kismet.alert.class": "SYSTEM",
        "kismet.alert.other_mac": "00:00:00:00:00:00",
        "kismet.alert.channel": "",
        "kismet.alert.phy_id": 4294967295,
        "kismet.alert.device_key": "00_0",
        "kismet.alert.transmitter_mac": "00:00:00:00:00:00",
        "kismet.alert.timestamp": 1681454663.043305,
        "kismet.alert.header": "SOURCEOPEN",
        "kismet.alert.source_mac": "00:00:00:00:00:00"
    },
    {
        "field.unknown.not.registered": {
            "kismet.common.location.geopoint": [
                0,
                0
            ]
        },
        "kismet.alert.hash": 762713790,
        "kismet.alert.severity": 20,
        "kismet.alert.frequency": 0,
        "kismet.alert.dest_mac": "00:00:00:00:00:00",
        "kismet.alert.text": "Source hci0 (91DD0AE4-0000-0000-0000-DCA632E8F59D) has encountered an error (IPC connection closed) Kismet will attempt to re-open the source in 5 seconds.  (1 failures)",
        "kismet.alert.class": "SYSTEM",
        "kismet.alert.other_mac": "00:00:00:00:00:00",
        "kismet.alert.channel": "",
        "kismet.alert.phy_id": 4294967295,
        "kismet.alert.device_key": "00_0",
        "kismet.alert.transmitter_mac": "00:00:00:00:00:00",
        "kismet.alert.timestamp": 1681454679.048979,
        "kismet.alert.header": "SOURCEERROR",
        "kismet.alert.source_mac": "00:00:00:00:00:00"
    },
    {
        "field.unknown.not.registered": {
            "kismet.common.location.geopoint": [
                0,
                0
            ]
        },
        "kismet.alert.hash": 135927398,
        "kismet.alert.severity": 20,
        "kismet.alert.frequency": 0,
        "kismet.alert.dest_mac": "00:00:00:00:00:00",
        "kismet.alert.text": "Source hci0 (91DD0AE4-0000-0000-0000-DCA632E8F59D) successfully re-opened",
        "kismet.alert.class": "SYSTEM",
        "kismet.alert.other_mac": "00:00:00:00:00:00",
        "kismet.alert.channel": "",
        "kismet.alert.phy_id": 4294967295,
        "kismet.alert.device_key": "00_0",
        "kismet.alert.transmitter_mac": "00:00:00:00:00:00",
        "kismet.alert.timestamp": 1681454876.01002,
        "kismet.alert.header": "SOURCEOPEN",
        "kismet.alert.source_mac": "00:00:00:00:00:00"
    },
    {
        "field.unknown.not.registered": {
            "kismet.common.location.geopoint": [
                0,
                0
            ]
        },
        "kismet.alert.hash": 762713790,
        "kismet.alert.severity": 20,
        "kismet.alert.frequency": 0,
        "kismet.alert.dest_mac": "00:00:00:00:00:00",
        "kismet.alert.text": "Source hci0 (91DD0AE4-0000-0000-0000-DCA632E8F59D) has encountered an error (IPC connection closed) Kismet will attempt to re-open the source in 5 seconds.  (1 failures)",
        "kismet.alert.class": "SYSTEM",
        "kismet.alert.other_mac": "00:00:00:00:00:00",
        "kismet.alert.channel": "",
        "kismet.alert.phy_id": 4294967295,
        "kismet.alert.device_key": "00_0",
        "kismet.alert.transmitter_mac": "00:00:00:00:00:00",
        "kismet.alert.timestamp": 1681454892.028242,
        "kismet.alert.header": "SOURCEERROR",
        "kismet.alert.source_mac": "00:00:00:00:00:00"
    },
    {
        "field.unknown.not.registered": {
            "kismet.common.location.geopoint": [
                0,
                0
            ]
        },
        "kismet.alert.hash": 141039207,
        "kismet.alert.severity": 20,
        "kismet.alert.frequency": 0,
        "kismet.alert.dest_mac": "00:00:00:00:00:00",
        "kismet.alert.text": "Source hci0 (91DD0AE4-0000-0000-0000-DCA632E8F59D) successfully re-opened",
        "kismet.alert.class": "SYSTEM",
        "kismet.alert.other_mac": "00:00:00:00:00:00",
        "kismet.alert.channel": "",
        "kismet.alert.phy_id": 4294967295,
        "kismet.alert.device_key": "00_0",
        "kismet.alert.transmitter_mac": "00:00:00:00:00:00",
        "kismet.alert.timestamp": 1681455016.866392,
        "kismet.alert.header": "SOURCEOPEN",
        "kismet.alert.source_mac": "00:00:00:00:00:00"
    }
]